article_name,is_good,view_count
"Dave Hull (disambiguation)",0,0
"2018–19 Pro Basketball League",0,2.0
"Raja Singh College, Siwan",0,1.8666666666666667
"1929 Middle Tennessee Blue Raiders football",0,0
"2007 Men's World Ice Hockey Championships",0,4.033898305084746
"2011 Harrisburg Pennsylvania bankruptcy",0,1.0
"1999–2000 Boston Bruins season",0,2.411764705882353
"List of AMD Sempron processors",0,0
"Porter Township, Delaware County, Ohio",0,1.8285714285714285
"Cercospora purpurea",0,0
"(488644) 2003 HY56",0,0
"Căuşeni County, Moldova",0,0
"Academy of Military Science (People's Republic of China)",0,1.4
"Bibliography of the western apache",0,0
"TCU Horned Frogs football, 1994",0,0
"Şıxtoraşen",0,0
"Legislative Assembly of Upper Canada",0,11.35
"2001 Italian Grand Prix",0,38.333333333333336
"UN/LOCODE:CLSCL",0,1.0
"Patrick Darcy (disambiguation)",0,1.3333333333333333
"Economic history of Turkey",0,53.016666666666666
"Loxocemus bicolor sumichrasti",0,0
"List of prequel films",0,1.9090909090909092
"1930 Colorado gubernatorial election",0,2.7083333333333335
"Turtle Lake (Grant County, Minnesota)",0,1.1818181818181819
"Synersaga mondulkiriensis",0,1.2352941176470589
"Andrew Ellis (disambiguation)",0,1.3333333333333333
"Depressaria pentheri",0,1.125
"Rydalmere ferry wharf, Sydney",0,0
"Sri Lankan cricket team against New Zealand in New Zealand in 2015–16",0,0
"SR 426 (NV)",0,0
"1932–33 Segunda Division",0,0
"SM U-69",0,2.9245283018867925
"Leonardo da Vinci's relationships",0,0
"WCAU-TV10",0,1.0
"Kraljevina Srba, Hrvata i Slovenaca",0,1.3333333333333333
"LIBID",0,1.4482758620689655
"Association for behavioral and cognitive therapies",0,0
"Clear plastic raincoat",0,0
"Ping pong ball",0,2.767857142857143
"Veterans Memorial Park (Beaverton, Oregon)",0,1.2222222222222223
"Icarus (plant)",0,3.425925925925926
"Bob's Burgers (season 4)",0,35.53333333333333
"Art of Conflict: The Murals of Northern Ireland",0,6.0
"68330",0,0
"Gott ist unsre Zuversicht, BWV 197",0,2.375
"Dustin (Stranger Things)",0,1.5
"Ölziit, Arkhangai",0,1.71875
"Disneyland's 50th anniversary celebration",0,0
"Elaphropus nannodes",0,1.0
"Heat stroke",0,319.28333333333336
"State Route 518 (Virginia pre-1933)",0,0
"Film projector",0,5.5
"Swiss referendums, 1951",0,0
"2013-2014 PGA Tour",0,1.0
"Vest, KY",0,1.0
"Bordolano, Italy",0,0
"List of institutions of higher education in Andhra Pradesh",0,72.46666666666667
"List of German-language poets",0,13.55
"List of volcanoes in South Africa",0,44.75
"Pachycondyla chinensis",0,2.0
"The History of Science Society",0,1.1666666666666667
"Circumference of Earth",0,1.8780487804878048
"1964 Miami Hurricanes football",0,0
"HMS Loch Achray (F426)",0,0
"Socialist Labor party (Australia)",0,0
"Swiss Super League 1915-16",0,0
"Mytholmroyd, West Yorkshire",0,1.2
"Female comics creators",0,9.066666666666666
"New Grand Chain, Illinois",0,8.05
"Kunice, Swietokrzyskie Voivodeship",0,0
"State Route 239 (Virginia 1933-1941)",0,0
"USS Hazelwood (DD-107)",0,2.2653061224489797
"1873 Lyttelton by-election",0,1.0
"Virginia State Route 784 (Loudoun County)",0,0
"2001 British Touring Car Championship",0,18.65
"2020 Alabama Crimson Tide softball team",0,1.411764705882353
"1863 in New Zealand",0,2.0416666666666665
"List of 2015 Indian Premier League personnel changes",0,21.616666666666667
"ASCII hexadecimal file",0,0
"Saint-Laurent Dragons",0,1.3
"2001–02 Second League of FR Yugoslavia",0,2.324324324324324
"NY-11",0,1.6
"Extended Tamil script",0,7.237288135593221
"Harlan Township, Warren County, Ohio",0,2.119047619047619
"3150 BC",0,1.6
"Central nervous system viral diseases",0,0
"1985 US Open - Women's Singles Qualifying",0,0
"2013-14 Iowa State Cyclones women's basketball team",0,1.0
"Harrison Township, Perry County, Ohio",0,1.8857142857142857
"Polish Parliament",0,3.2203389830508473
"Life Church, Edinburgh",0,4.258064516129032
"Davidson College, NC",0,1.2222222222222223
"Railroad weigh scale",0,4.0
"Átahsaia",0,57.78333333333333
"Beijing Municipal public security bureau",0,0
"Eunidia rondoni",0,1.1666666666666667
"1968–69 Macedonian Football League",0,0
"2017–18 Sydney FC season",0,4.654545454545454
"ATCvet code QG03FB",0,0
"1967 Arkansas Razorbacks football team",0,2.9272727272727272
"2003 Louisiana governor election",0,0
"Finnish parliamentary election, 1907",0,1.0
"Urșița (river)",0,0
"United States - Zimbabwe relations",0,1.0
"Rastafari and cannabis",0,1.875
"Chief Operating Officer",0,76.95
"Scopula subgastonaria",0,0
"Pimephales vigilax",0,1.15
"Generation-Set",0,0
"HIG-2",0,0
"List of email clients",0,2.5
"Vărădia de Mureş, Arad",0,0
"Spinoblesthis acuta",0,1.0
"549th Tactical Air Support Training Squadron",0,1.0
"Kievitone-hydrate hydro-lyase (kievitone-forming)",0,0
"Applied Physics Reviews",0,7.169491525423729
"Protein-protein interactions",0,1.3666666666666667
"Moonwalk (album)",0,1.6571428571428573
"Resident Evil (2002 video game)",1,659.6
"Heinz Rehfuss",1,2.297872340425532
"Clarence Barton",1,1.1764705882352942
"Daddy's Hands (band)",1,6.241379310344827
"Yasovarman",1,2.3684210526315788
"Tetsuo Kondo",1,1.1578947368421053
"Gwinnett Women's Pavilion",1,1.0
"Michael Norman (American Track & Field Athlete)",1,0
"Barracuda Networks, Inc.",1,0
"Northern Peruvian Quechua",1,1.0
"Davies's big-eared bat",1,2.1842105263157894
"Ghislieri College",1,3.4464285714285716
"Troper",1,1.4
"Paolo Barilla",1,29.9
"Weapon XIV",1,1.1538461538461537
"Kongshaug Magazine",1,0
"Swinton Colthurst Holland",1,1.9655172413793103
"Hypomanic episode",1,4.0181818181818185
"Aerodock",1,1.0
"Lenige",1,0
"Secret Army (television)",1,1.9761904761904763
"Cliff Bayer",1,2.510204081632653
"Panax morototoni",1,0
"Asiimwe Evarlyne Buregyeya",1,1.8333333333333333
"Kanoko Tsutani",1,1.0
"Pseudorhynchus",1,1.7083333333333333
"Karl Duncker",1,10.483333333333333
"Pinball Legend",1,2.547169811320755
"N+",1,47.85
"US-SD",1,1.4
"Perast manuscript",1,1.3823529411764706
"Valdovecaria",1,1.1666666666666667
"HTC Desire 600",1,5.372881355932203
"Esa Rinne",1,1.25
"Fritz Greiner",1,1.9534883720930232
"Yong-Ok Jong",1,0
"Truncation error",1,51.71666666666667
"Martinaire Aviation",1,1.0
"George Gibson (footballer, born 1945)",1,1.6129032258064515
"Stinkbells",1,0
"Fuahmulah",1,0
"Stachystemon polyandrus",1,1.1666666666666667
"LaserWriter IISC",1,0
"I Will Always Love You and Other Great Hits",1,0
"Bouchons",1,1.0769230769230769
"Acira language",1,1.0
"Irvin Cobb Bridge",1,1.0
"ROCS An Yang (DDG-918)",1,1.2222222222222223
"Shag rocks",1,1.0
"Rodrigues' formula",1,73.63333333333334
"Salt of the Earth (EP)",1,1.0
"Kawaki",1,539.2
"Phenomenalist",1,1.7115384615384615
"Jus naufragii",1,3.8947368421052633
"Nathan Cruz",1,12.65
"4 North A",1,2.2439024390243905
"Bharti Dayal",1,2.7636363636363637
"Venkata Rao",1,12.816666666666666
"Casa Manzoni",1,2.625
"Thirukkural",1,5.9
"J. Spectrosc.",1,0
"Andres de la Tovilla",1,1.0
"The Best Part of Life",1,1.0
"The Chase (1946 movie)",1,0
"TMDR",1,1.1666666666666667
"Disney Cinemagic +1",1,0
"Kertanegara",1,8.933333333333334
"Giulio Cesare Arrivabene",1,1.05
"INK (operating system)",1,3.793103448275862
"Lavrinenco",1,0
"Berserker (Gary Numan album)",1,33.6
"Kate brian",1,1.0
"Luis Alves",1,1.1428571428571428
"William O Mullally",1,0
"33rd Vaudreuil and Soulanges Hussars",1,2.6666666666666665
"Hermenegildo del Rosso",1,1.6
"Billy on the street",1,1.2692307692307692
"Congdon silk-tassel",1,0
"Medicine lake (alberta)",1,0
"Sokhulu",1,1.2857142857142858
"Circular acronym",1,0
"Nicholas Dietrich, Baron de Ottendorf",1,2.7450980392156863
"Nilssonia (Plant)",1,1.0
"Seignelay",1,2.108695652173913
"Red Raider Rampart",1,1.1818181818181819
"Muddy Mississippi Line",1,1.8214285714285714
"Steve Crosetti",1,14.016666666666667
"Klaus J. Behrendt",1,9.666666666666666
"Jayasekara Aponso",1,1.4210526315789473
"Gare de Flers",1,1.0
"Jerome Hill (basketball)",1,2.3783783783783785
"The Thirty-Nine Steps (1978 film)",1,1.0
"Ambrosia Moore",1,1.6
"Bluefish Communications",1,2.723404255319149
"Our Lady of Solitude of Porta Vaga",1,1.7234042553191489
"Daraa insurgency",1,32.45
"John R. Hendricks",1,2.5217391304347827
"Qurayya pottery",1,0
"Bekadil Shaimerdenov",1,0
"Kainandro",1,1.8461538461538463
"Trainwreck: My Life as an Idiot",1,22.333333333333332
"Pisoraca diplosticta",1,0
"Paul Aldred",1,2.2444444444444445
"Lexington (gargoyle)",1,0
"Findlater Castle",1,14.183333333333334
"Estillac",1,1.542857142857143
"Geoff Whitton",1,1.4736842105263157
"John Adams, Sr (Nebraska)",1,1.0
"Danie Burger",1,1.7575757575757576
"El marques de Bradomin. Coloquios romanticos",1,0
"Meier, Paul",1,0
"Loft living",1,0
"Renal columns of Bertin",1,1.8333333333333333
"Xuan-Loc",1,0
"NAS De Kooy",1,0
"Proclamation of the Republic Day",1,1.0
"Hugo Richard Jungst",1,0
"Acroyali",1,1.5925925925925926
"Charbagh gardens",1,0
"Pongsri Woranuch",1,1.8157894736842106
"Faiza Iftikhar",1,24.966666666666665
"Steven Rawlings",1,7.6923076923076925
"Reggie Wilson/Fist and Heel Performance Group",1,2.024390243902439
"VideoEgg",1,1.25
"NUX Records",1,0
"Gura-Pravat",1,0
"Matted flax lily",1,0
"Gluchowo-Windak",1,0
"Elebert, David",1,0
"Henk Krol",1,13.166666666666666
"Elizabeth (1805 ship)",1,1.5384615384615385
"JK:JA",1,1.0
"Agamalioglu",1,0
"Tian Mu Lake",1,1.1111111111111112
"Yuri Stadolnik",1,0
"Bill the Lizard",1,35.266666666666666
"Capture of Capri",1,1.0
"Kelley Linck",1,1.8125
"Annie Josephus Jitta",1,0
"Ralph Wilson Nimmons, Jr.",1,1.4285714285714286
"Kamal Elgargni",1,29.066666666666666
"Army Wives (season 2)",1,1.434782608695652
"Vidakovic",1,1.0
"Statutory damages",1,11.9
"Thomas Cobbold (brewer)",1,0
"Curaςao",1,0
"Judson Graham Day",1,0
"Krolikowski, Steve",1,0
"Schwulper",1,0
"P. Ganeshalingam",1,1.3181818181818181
"Player 7",1,35.55
"Eastern crested Loach",1,0
"Scopasis",1,3.9285714285714284
"Patsy O'Hara",1,44.8
"Theodor Brinek junior",1,1.0
"Tsvyatovo",1,1.0833333333333333
"La Piel de Zapa",1,0
"Werner Dissel",1,2.673469387755102
"Kevin Zahnle",1,1.0
"Heraldic charge",1,10.216666666666667
"HIH Insurance",1,47.9
"PJ Morton Band",1,0
"Fishery Bulletin (Washington, D.C. : 1971)",1,1.0
"Deathtrap Dungeon (video game)",1,37.2
"Eastern Mkt",1,0
"Bab al-Wazir",1,2.488888888888889
"Bluefield High School",1,6.322033898305085
"Bellamya trochlearis",1,1.5
"Gedackt",1,9.116666666666667
"Blepharomastix epistenialis",1,1.1111111111111112
"Ingrid Sanders",1,1.4583333333333333
"Warlord (DC comics)",1,1.7560975609756098
"Empogona africana",1,1.0
"Haplosclerina",1,0
"Walter Pico",1,2.2222222222222223
"Falsism",1,5.933333333333334
"Pudhiya Paadhai",1,27.7
"Dawn (Hunter novel)",1,4.634615384615385
"Kseniya Zadorina",1,2.4444444444444446
"Joachim Karlsson",1,1.2
"Ricky Garbanzo",1,1.9310344827586208
"Formula One tyres",1,396.9
"William Thomas Silfvast",1,1.0
"PeaceMaker (computer game)",1,1.5
"Monad (mathematics)",1,1.0
"LiliaPodkopayeva",1,0
"Mordella aurofasciata",1,0
"Dunsmore House",1,1.8620689655172413
"SS Andrew Furuseth",1,7.8474576271186445
"Charles Ballard",1,1.434782608695652
"Stauff",1,1.3
"Leopold (ruler)",1,0
"Comfort standard",1,1.0
"PropagandArt",1,1.0
"Catherine Lundoff",1,1.5
"Kargopol'skii",1,0
"Demon Headmaster",1,1.736842105263158
"National Union of Ex-Servicemen",1,1.1
"Finniss River",1,1.4761904761904763
"Denio Canton",1,1.4
"Rosenborg Slot",1,1.2727272727272727
"Certified Radio Operator",1,1.0
"Active Living by Design",1,1.2
"Daniel Downes",1,0
"Akhatov",1,1.4642857142857142
"DME torch",1,2.8703703703703702
"Nim's Island (film)",1,1.0
"J. P. Stevens",1,1.0
"The doctrine of Two Truths (Dve Satye)",1,1.0
"The Book of Thoth",1,10.283333333333333
"Corrosion number",1,0
"Alevtina Begisheva",1,1.0
"Pasi Kivisaari",1,1.3636363636363635
"Yummi-Land",1,2.0
"Lorenzo Smith",1,7.9
"Stanislava Varshavski",1,1.0
"Surkhet 2",1,1.1666666666666667
"Ralph Wenz Field",1,2.0
"Jhon Pajoy",1,2.9423076923076925
"Syed Ahmed (entrepreneur)",1,1.0
"Icon Water Limited",1,1.5348837209302326
"Cherie Bennett",1,5.224137931034483
"Sang My Thang",1,1.3
"De la democratie en Amerique",1,1.0
"Dimitar Iliev (footballer, born 1999)",1,3.896551724137931
"Go glossary",1,0
"Bill Williams (politician)",1,1.0
"Drumm Battery Train",1,18.11864406779661
"Honorinus",1,1.0
"The Lost Planet",1,12.616666666666667
"David Adriaan van Dorp",1,2.1621621621621623
"12469 Katsuura",1,0
"London Prepares series",1,3.020408163265306
"Rudolf Weinhofer",1,1.2105263157894737
"Mary Nwametu Onumonu",1,1.0
"John Bradford (Scottish footballer)",1,0
"Markos Palaiologos Iagros",1,0
"Horace W Carpentier",1,1.0
"Robert C. Lautman",1,1.2307692307692308
"John Shellette Van Bergen",1,0
"Niagamé",1,0
"Congenital myotonic dystrophy",1,2.54
"Deep sea ecosystem",1,1.1111111111111112
"San Luis (Baleares)",1,0
"Grand Hotel (Fringe)",1,0
"Kasi (Kansi)",1,0
"Koh-i-Nur diamond",1,1.0
"George Tod (judge)",1,1.8888888888888888
"Way of Former Heaven",1,1.46875
"The Threshold",1,1.4
"Narinder Bragta",1,4.6
"David M. Rivera",1,0
"Sul-e Gharbi",1,1.0
"Observatory Inlet",1,2.4680851063829787
"Freaks",1,28.983333333333334
"Dotted quad",1,0
"Hard hexagon model",1,2.9056603773584904
"African knifefish",1,1.0
"Reocities",1,1.8
"Josetxo",1,1.9555555555555555
"Idiopathic epilepsy",1,19.55
"Extension tubes",1,1.3
"Bus deregulation",1,1.3703703703703705
"The Southerner (1945 film)",1,8.2
"Pachyliothrips",1,1.0
"Crobot",1,57.0
"Nuggets II",1,1.3333333333333333
"Piotr Borodin",1,5.383333333333334
"Chloramines",1,104.91666666666667
"Lubomir Hranov",1,1.0
"Edward Oswald (Ted) Marks",1,1.0
"Ahmadi-ye Sarneh",1,0
"Hat-shepsut",1,0
"Phylloneura westermanni",1,1.25
"Ozjasz Thon",1,1.8717948717948718
"Balabekh Karapet",1,2.5384615384615383
"Rana persimilis",1,0
"Constantinian Walls",1,1.0833333333333333
"Black rot (grape)",1,1.2307692307692308
"Sibel Kekilli",1,985.1666666666666
"O.G. Fatu",1,0
"Benzyl ring",1,0
"Gerard Caron",1,0
"Thos Hunt",1,1.7857142857142858
"Serakab",1,1.0
"BlueStar PR",1,1.2
"This Ain't Techno",1,0
"Punewadi",1,1.2941176470588236
"Clinic on Eighteenth Street",1,1.1176470588235294
"Gun Hill (TV film)",1,0
"Methanocella paludicola",1,1.5333333333333334
"Samvedi",1,1.2857142857142858
"Brooks Secondary School",1,2.073170731707317
"This Teacher",1,5.137931034482759
"Equivalent rectangular bandwidth",1,15.65
"Niassa province",1,1.5757575757575757
"Ghosts (1995 series)",1,11.916666666666666
"Akinpelu Oludele Adesola",1,3.290909090909091
"Salentin von Isenburg-Grenzau",1,1.2105263157894737
"Sisterhood of the travelling pants",1,1.1818181818181819
"Eastern leopard toad",1,2.239130434782609
"Carla Signoris",1,18.35
"Spria",1,1.0
"Roseford Court",1,1.4827586206896552
"Party video games",1,1.2
"Kris Kin",1,7.810344827586207
"A Strategic Quest",1,0
"Robert Adam",1,141.18333333333334
"Jyllands-Posten Mohammed",1,1.0
"Poems from the Cosmic Crypt",1,0
"POV: Norowareta Film",1,6.0
"Handsworth High School",1,2.0
"Story (Perfume song)",1,0
"Robert Powell (herpetologist)",1,1.8888888888888888
"Stephen Carson (jockey)",1,1.3
"Dave G. Reichert",1,0
"100 Days of Love",1,158.06666666666666
"Yubiwa",1,2.1463414634146343
"Chosun Navy",1,0
"Harambee Youth Employment Accelerator",1,4.452830188679245
"Chicago Force (football)",1,0
"Black Cadillac (film)",1,33.43333333333333
"National Vocational Competition",1,0
"Colle Malamerenda",1,1.6923076923076923
"Wen-ch'eng",1,0
"Henry Granville Fitzalan-Howard, 14th Duke of Norfolk",1,2.4782608695652173
"Bad Lads Army: Extreme",1,1.0
"Christy Park",1,1.4838709677419355
"Prof. Parviz Jabehdar Maralani",1,0
"Tarquinia National Museum",1,6.45
"High Sheriff of Kilkenny City",1,1.6153846153846154
"Yoav Hofmayster",1,7.15
"Tom Whiteside",1,3.25
"George Grande",1,11.816666666666666
"Kamaitachi (wrestler)",1,2.1
"Vuk draskovic",1,1.1666666666666667
"Khannouchi",1,1.35
"Canby Jones",1,0
"3rd Base Fourth",1,0
"California Regiment",1,1.5
"Admiral Cecille",1,0
"Okçularyeri",1,0
"Adriatic Ionian Euroregion",1,9.866666666666667
"Randy Komisar",1,12.783333333333333
"Carmen Laforet",1,24.583333333333332
"Simon Bagration-Imeretinsky (born 1812)",1,0
"Dunbar Gifted and Talented International Studies Magnet Middle School",1,0
"Ken's FM",1,0
"Vince Dunn",1,61.483333333333334
"Resonant cavity",1,6.6
"Kalinków",1,1.0714285714285714
"Paige Renee Spiranac",1,0
"Uz (son of Aram)",1,4.067796610169491
"20USD",1,1.0
"Take Offs and Put Ons",1,0
"AIR International",1,1.0
"Umar Al Kunduzi",1,0
"Ingrams",1,1.0
"Shao, Liu",1,0
"Road Traffic Collision",1,1.5
"Codex Barberini",1,2.0
"Terror of the Kirghiz",1,0
"Steven Fatsis",1,0
"Mieh Mieh (camp)",1,1.125
"Plătăreşti, Călăraşi",1,0
"West Coast Cooler",1,23.583333333333332
"Thomas Biggs",1,1.7272727272727273
"Midler (JoJo's Bizarre Adventure)",1,1.0
"Susan L. Clark",1,1.0
"Hilloween",1,1.2222222222222223
"Valenciennellus",1,1.6666666666666667
"Salmon River (California)",1,4.033898305084746
"Patent processing backlogs",1,0
"Fairview Plantation",1,5.793103448275862
"La Comision de Calidad Ambiental de Texas",1,0
"Joshua Eric Moore",1,0
"Ai La Trieu Phu",1,1.1428571428571428
"Angelica Aragón",1,1.44
"Masquerades",1,1.2173913043478262
"Multi-Barrel Rocket Launcher",1,1.0
"Lavigny VD",1,0
"John Radcliffe (died 1568)",1,15.816666666666666
"Dieci",1,2.3777777777777778
"Alter Echo (album)",1,3.4489795918367347
"Captain Fantastic & The Brown Dirt Cowboy",1,1.0
"Kasirai Sita",1,0
"Birgit Michels",1,1.925
"Diesel Fuel Marine",1,1.1538461538461537
"Rose of Lancaster",1,1.6097560975609757
"New York-i helyszínelők",1,0
"Octonitrocubane",1,1.3333333333333333
"Joseph McNamara (Rhode Island politician)",1,4.344827586206897
"Whole-of-government approach",1,31.483333333333334
"Langue d'Oc",1,1.4375
"Leo Tuscus",1,5.966666666666667
"Tortional Pendulum",1,1.0
"The Badger",1,1.3333333333333333
"Bot on Wikipedia",1,2.0
"Shungas",1,1.0
"Khan Bahadur Muhammad Siddique Memon",1,1.0
"Spôjmaï Zariâb",1,2.057142857142857
"Tsuyoshi Satou",1,1.0
"Pierog",1,1.0
"Rookie Jones",1,1.0
"Dahong denglong gaogao gua",1,0
"Canton Uprising",1,1.9019607843137254
"Kamaeuraoan Te I-Kiribati",1,0
"Jorgen Kieler",1,0
"KiKA",1,6.883333333333334
"Médio Tejo Subregion",1,1.5
"Baltissare Castiglione",1,1.3333333333333333
"Swanhilde",1,1.0
"James Francis Howard, Jr.",1,0
"Lycée français René-Descartes",1,0
"Francis B. Austin House",1,1.6818181818181819
"Coralia López",1,1.6363636363636365
"U Give It Up",1,0
"Estradiol cyclohexylcarboxylate",1,0
"Baron de La Brede et de Montesquieu",1,0
"Isoaimo, Peter",1,0
"Gur Mosheiov",1,1.1904761904761905
"Mortimore, Michael",1,0
"Herald Cycle Tour",1,1.3333333333333333
"Sheriff Mountain",1,1.0869565217391304
"Oscar Schiele",1,1.2727272727272727
"Massena (1895)",1,0
"Ashtadyayi",1,1.5
"Jerrold B. Tunnell",1,2.5660377358490565
"Pallake",1,12.533333333333333
"Spyan ras gzigs",1,0
"Brian McDermott (rugby league)",1,36.416666666666664
"Non-material",1,1.0
"Bryse Peaks",1,1.0909090909090908
"Charles MacAndrew, 1st Baron MacAndrew",1,2.577777777777778
"Bionicle: Quest for Mata Nui",1,30.95
"Piccolo Jr Saga",1,0
"Morris Cooper S",1,1.5769230769230769
"DÄ",1,0
"Aal ash-Shaikh",1,1.0
"Youssef Obama",1,20.633333333333333
"Talking Machine World & Radio Music Merchant.",1,0
"Contigroup",1,0
"Belfast West (Dail Eireann constituency)",1,0
"Mt. Olympus Water & Theme Park",1,30.083333333333332
"Skill (roleplaying games)",1,1.0
"HMS Warrior",1,16.166666666666668
"Madineh",1,1.434782608695652
"Irene-Fournier Ecological Reserve",1,0
"Colt Cloverleaf",1,0
"Jarib",1,2.0625
"Jean-Gustave Bourbouze",1,1.6470588235294117
"TARLUPADU",1,0
"Dale River (Boyne)",1,1.3571428571428572
"Kurtziella accinctus",1,1.25
"European Episode",1,1.4473684210526316
"Antuofermo",1,0
"Conservatoire Poitiers",1,0
"Caconemobius",1,2.210526315789474
"By-election in Chesterfield",1,0
"Meir Wieseltier",1,2.739130434782609
"Harry Källström",1,3.4444444444444446
"Daruelfuenun'u Istanbul",1,0
"The Day of the Robot",1,15.3
"Fishheads",1,1.0
"Skandapurana",1,1.2857142857142858
"Tenchi Muyou! Game Hen",1,1.542857142857143
"William Haymond",1,1.0
"Éamonn an Chnuic",1,0
"Bedford Park, Ill.",1,0
"Roesleria hypogaea",1,0
"Hans Severin Jelstrup",1,1.4782608695652173
"SA-23 Gladiator",1,2.1136363636363638
"Macromedia Dreamweaver 8",1,0
"Tokaido Shinkansen",1,187.55
"Our Brand is Crisis",1,1.0
"Jesus – The Film (1986 film)",1,0
"How Music Got Free: The End of an Industry, the Turn of the Century, and the Patient Zero of Piracy",1,1.125
"Brandon&Leah",1,0
"Gonabad",1,10.316666666666666
"Parsons King Johnson",1,1.6551724137931034
"Farnborough, England",1,0
"Lake San Floriano",1,0
"Thathi",1,2.0652173913043477
"Jackie D'Amico",1,206.8
"Barbara Thorn",1,38.35
"Bishop of Osnabruck",1,1.0
"China mallavaram",1,0
"Silivio Vidal Leite Ribeiro",1,0
"Jeans, David",1,0
"Tsjaka",1,1.95
"Rolling Stone Middle East",1,0
"Pampuri, Richard",1,0
"Von B'Vsean Miller",1,1.0
"White goldenrod",1,1.5
"Meaningful Use",1,1.380952380952381
"Nong Jik Halt railway station",1,1.0
"Palma Soriano",1,5.333333333333333
"Lois Comes Out of Her Shell",1,55.81666666666667
"Alfred W. Crompton",1,2.275
"Archibald Thornton",1,1.125
"Delta DASH",1,0
"Hey Jessie",1,1.4166666666666667
"Earl Bales Park",1,10.683333333333334
"Home Sweet Home 1993",1,0
"Witold Bańka",1,39.416666666666664
"Noli Me Tangere(novel)",1,0
"Mort the Chicken",1,22.25
"CCSRP",1,0
"Bikem",1,1.6
"Emilio J. Pasarell",1,1.5384615384615385
"David Kiefer",1,5.071428571428571
"Patricia Remak",1,1.5555555555555556
"Lysiana",1,1.6857142857142857
"PowerGen Wind Farm",1,0
"Insurgentes metro station",1,4.4
"One Pennsylvania Plaza",1,0
"Berry, Paul",1,0
"Malgorzata Sobieraj",1,1.0
"Adobado",1,3.9298245614035086
"McNeil River",1,3.7758620689655173
"Congregation of Loreto",1,1.0
"Zenith Youth Theatre Company",1,2.5434782608695654
"Bishop Grandin",1,0
"Smudged Hairstreak",1,0
"Vladimir Aptiaouri",1,1.0
"Suzuki GS500",1,128.78333333333333
"Red-bellied malimbe",1,1.8695652173913044
"Lakeside Hammers",1,3.9464285714285716
"Zill-e-Shah",1,11.316666666666666
"LSRS",1,2.0
"Anthony Peter "Tony" Clement, PC, MP",1,0
"Madonna Enthroned with the Child (Cima da Conegliano)",1,1.1
"Momodu Maligie",1,2.0277777777777777
"MFA Program for Poets & Writers",1,2.073170731707317
"Pałac Bydgoszcz",1,2.611111111111111
"Colette Trudeau",1,6.9
"Coffee root mealybug",1,0
"Seaport Innovation District",1,0
"Auto Zone",1,1.4285714285714286
"Jackson Creek Dam",1,1.0
"San Cristobal Myiagra flycatcher",1,0
"Red bean soup",1,18.033333333333335
"Progressive Conservative Party of Prince Edward Island leadership elections",1,1.6666666666666667
"Volker Sommer",1,2.357142857142857
"Le Sidaner",1,1.0
"Gabriel Pierre",1,1.4285714285714286
"Merillon Avenue station",1,8.666666666666666
"Claudia Nolte",1,6.333333333333333
"Eric Joyce (footballer)",1,1.25
"212 (Azealia Banks song)",1,1.2
"Asahishō",1,1.2
"Varahi River",1,28.083333333333332
"Edict of Emancipation",1,1.6071428571428572
"Meximullet",1,0
"Attitti Lake",1,1.9473684210526316
"Eclipse Award for Outstanding Two-Year-Old Male Horse",1,1.0
"Please Don't Do It In Here",1,0
"Plain-pouched Hornbill",1,1.0
"Inter Women",1,1.3703703703703705
"Runaway film production",1,1.0
"0 Story",1,1.0
"Al-Aḥzāb",1,119.5
"Fine Music Radio",1,4.068965517241379
"Dr. X",1,1.375
"A-League (Australia)",1,1.3333333333333333
"Chateau Saint-Sixte",1,0
"Tilbrook Point",1,1.0
"Ben Fitzpatrick",1,1.4705882352941178
"Stephen Williams",1,5.719298245614035
"Pamplin Media",1,1.0
"Karin Riediger",1,1.5517241379310345
"Jianhu Nuexia",1,0
"Cerasus fruticosa",1,0
"Everything bagel",1,169.1
"Xenospiza baileyi baileyi",1,0
"Andrzej Wronski",1,1.2857142857142858
"The Girl Who Fell from the Sky",1,1.9069767441860466
"Great Kubu Regency",1,0
"Gamru Port",1,0
"Jindřich Pokorný",1,1.2727272727272727
"Vidyadhar Oak",1,0
"Bimetallic nanoparticles",1,1.0
"Caverns of sonora",1,1.2857142857142858
"La'bi",1,0
"Pothouses",1,1.2
"Mace Griffin: Bounty Hunter",1,29.016666666666666
"Buffalo Zoo",1,16.133333333333333
"Triangle shirtwaist factory fire",1,2.0
"Meanwood Beck",1,3.456140350877193
"Aryeh Vardi",1,0
"Angelo Poffo",1,191.5
"Henri Richard",1,176.15
"Maykopski Raion",1,0
"Joan Fitzalan",1,4.551724137931035
"Parietaria (moth)",1,0
"King Mez",1,6.933333333333334
"Oberems",1,1.7027027027027026
"Sir John Everett Millais",1,3.6491228070175437
"Microsoft Corp. v. Lucent Techs., Inc.",1,0
"Dion Timmer",1,1.4545454545454546
"Ben Simons (politician)",1,3.4423076923076925
"Genesis Electrified GV70",1,19.066666666666666
"John Howard (cyclist)",1,9.133333333333333
"Erbert & Gerbert's",1,17.516666666666666
"Fabio Braz",1,0
"Antillean cave rail",1,4.406779661016949
"Duzdag, Bozuyuk",1,0
"George Lindsay-Crawford, 22nd Earl of Crawford",1,3.122448979591837
"Rotoroa",1,1.2
"Gmina Nawojowa",1,1.25
"Jay And Silent Bob Strike Back",1,1.2727272727272727
"Paolo Gennari",1,1.0
"CSM Studențesc Iași",1,1.4444444444444444
"AJ Saly",1,0
"Joseph B. Hayden",1,2.5
"Cipherpunk",1,1.1538461538461537
"The Astronauts (film)",1,3.3137254901960786
"Mt. Olive Methodist Episcopal Church",1,1.2307692307692308
"S1 Yingbin Expressway (Shanghai)",1,0
"FN Model 1935",1,1.0
"Trappes riots",1,0
"Club Atletico Trinidad",1,1.2
"Natalie's Rap",1,1.3529411764705883
"Dean Rusk Middle School",1,1.7037037037037037
"Karma (Robin Eubanks album)",1,1.9767441860465116
"Áno Kastrítsion",1,0
"Frank the Baptist",1,3.372549019607843
"Endogeneity (applied statistics)",1,1.0
"Gopal Prasad Sharma",1,2.3137254901960786
"Survivor (fifteen album)",1,1.2380952380952381
"Kosice-vidiek district",1,0
"C.R.A.Z.Y",1,3.361111111111111
"Soldaditos de Pavía",1,4.830508474576271
"Bilaspur-Leh line",1,1.0
"Jane Goldman",1,978.35
"Higashikuninomiya naruhiko",1,1.0
"Jeremy G. Butler",1,1.90625
"Agriades orbitulus orbitulus",1,0
"Gerber Scientific, Inc.",1,1.0
"Feodal",1,1.368421052631579
"Peregrine Bertie (senior)",1,1.9743589743589745
